Local time,Open,High,Low,Close,Volume
30.07.2017 16:00:00.000 GMT-0500,2761,2928,2646,2832,13105.575300000002
06.08.2017 16:00:00.000 GMT-0500,3266,3590,3193,3588,11547.387699999996
13.08.2017 16:00:00.000 GMT-0500,4011,4479,3810,4305,8398.902700000002
20.08.2017 16:00:00.000 GMT-0500,4119,4454,3774,4329,10139.5936
27.08.2017 16:00:00.000 GMT-0500,4366,4769,4191,4739,7497.5701
03.09.2017 16:00:00.000 GMT-0500,4626,4694,4138,4248,13350.320599999995
10.09.2017 16:00:00.000 GMT-0500,4289,4386,2975,3726,15003.469199999992
17.09.2017 16:00:00.000 GMT-0500,3748,4127,3511,3616,12016.069299999997
24.09.2017 16:00:00.000 GMT-0500,3670,4277,3664,4173,8939.262100000004
01.10.2017 16:00:00.000 GMT-0500,4388,4470,4146,4341,6286.0655000000015
08.10.2017 16:00:00.000 GMT-0500,4583,5868,4557,5617,10425.268000000002
15.10.2017 16:00:00.000 GMT-0500,5525,6064,5110,5973,10178.242200000002
22.10.2017 16:00:00.000 GMT-0500,5882,6059,5374,5756,13884.254400000003
29.10.2017 16:00:00.000 GMT-0500,6177,7451,6028,7229,10716.089000000004
05.11.2017 17:00:00.000 GMT-0500,7361,7883,6420,6584,13783.059400000004
12.11.2017 17:00:00.000 GMT-0500,5894,7999,5605,7707,13160.160400000004
19.11.2017 17:00:00.000 GMT-0500,8022,8376,7800,8250,8307.7435
26.11.2017 17:00:00.000 GMT-0500,9335,11439,9020,10903,13475.515599999999
03.12.2017 17:00:00.000 GMT-0500,10955,17639,10576,15647,9971.835899999998
10.12.2017 17:00:00.000 GMT-0500,14805,17964,14543,17633,7813.3236
17.12.2017 17:00:00.000 GMT-0500,18985,19512,10778,14245,9998.225400000003
24.12.2017 17:00:00.000 GMT-0500,13172,16502,13017,14313,11676.807499999997
31.12.2017 17:00:00.000 GMT-0500,13599,16980,13021,16882,3537.9116
07.01.2018 17:00:00.000 GMT-0500,16243,16511,12844,13797,4005.2286999999983
14.01.2018 17:00:00.000 GMT-0500,13460,14374,9225,11410,4575.472199999997
21.01.2018 17:00:00.000 GMT-0500,11424,11932,10008,10948,6132.6205000000045
28.01.2018 17:00:00.000 GMT-0500,11828,11835,7664,8635,39.319299999999984
04.02.2018 17:00:00.000 GMT-0500,8118,8777,5982,8606,4430.6332
11.02.2018 17:00:00.000 GMT-0500,8344,10346,8070,10138,3819.6634
18.02.2018 17:00:00.000 GMT-0500,10810,11826,9642,9970,5086.014999999999
25.02.2018 17:00:00.000 GMT-0500,9645,11228,9434,11080,5679.089999999998
04.03.2018 17:00:00.000 GMT-0500,11477,11771,8486,9199,4047.730000000001
11.03.2018 16:00:00.000 GMT-0500,9646,10005,7783,8636,3708.539999999999
18.03.2018 16:00:00.000 GMT-0500,8309,9247,8162,8692,6475.47
25.03.2018 16:00:00.000 GMT-0500,8697,8720,6661,6939,9494.175000000005
01.04.2018 16:00:00.000 GMT-0500,6894,7580,6583,6675,8315.9775
08.04.2018 16:00:00.000 GMT-0500,7068,8292,6691,7966,5971.254999999999
15.04.2018 16:00:00.000 GMT-0500,8377,8630,7899,8595,6260.5075000000015
22.04.2018 16:00:00.000 GMT-0500,8986,9828,8733,9047,8281.619999999999
29.04.2018 16:00:00.000 GMT-0500,9396,9872,8908,9758,5889.089999999999
06.05.2018 16:00:00.000 GMT-0500,9613,9732,8449,8502,6119.0650000000005
13.05.2018 16:00:00.000 GMT-0500,8722,8943,7994,8291,4403.387500000001
20.05.2018 16:00:00.000 GMT-0500,8589,8643,7338,7510,6681.205000000001
27.05.2018 16:00:00.000 GMT-0500,7390,7671,7117,7503,5753.192500000001
03.06.2018 16:00:00.000 GMT-0500,7756,7820,7423,7711,4951.894999999998
10.06.2018 16:00:00.000 GMT-0500,6806,6972,6198,6563,6792.5875000000015
17.06.2018 16:00:00.000 GMT-0500,6561,6901,6083,6138,5555.495000000002
24.06.2018 16:00:00.000 GMT-0500,6251,6391,5852,5962,6993.002499999999
01.07.2018 16:00:00.000 GMT-0500,6400,6845,6336,6629,6136.83
08.07.2018 16:00:00.000 GMT-0500,6808,6860,6146,6245,6271.697500000001
15.07.2018 16:00:00.000 GMT-0500,6439,7738,6392,7414,4643.182499999997
22.07.2018 16:00:00.000 GMT-0500,7590,8541,7403,8288,6895.86
29.07.2018 16:00:00.000 GMT-0500,8258,8330,7350,7448,5089.099000000002
05.08.2018 16:00:00.000 GMT-0500,7114,7217,6188,6248,19.5566
12.08.2018 16:00:00.000 GMT-0500,6399,6676,5947,6535,19.208199999999994
19.08.2018 16:00:00.000 GMT-0500,6589,6934,6293,6671,12.185399999999998
26.08.2018 16:00:00.000 GMT-0500,6739,7185,6715,7108,11.818299999999999
02.09.2018 16:00:00.000 GMT-0500,7344,7464,6331,6505,13.973600000000005
09.09.2018 16:00:00.000 GMT-0500,6448,6642,6241,6595,12.7285
16.09.2018 16:00:00.000 GMT-0500,6561,6837,6172,6779,10.2865
23.09.2018 16:00:00.000 GMT-0500,6739,6857,6392,6708,12.785600000000004
30.09.2018 16:00:00.000 GMT-0500,6623,6707,6473,6629,9.048100000000002
07.10.2018 16:00:00.000 GMT-0500,6605,6757,6181,6310,7.708000000000001
14.10.2018 16:00:00.000 GMT-0500,6330,7376,6268,6442,5.074899999999995
21.10.2018 16:00:00.000 GMT-0500,6495,6520,6418,6465,1.8822999999999994
28.10.2018 16:00:00.000 GMT-0500,6456,6479,6263,6414,1.8889000000000002
04.11.2018 17:00:00.000 GMT-0500,6474,6598,6371,6389,1.9938000000000007
11.11.2018 17:00:00.000 GMT-0500,6378,6444,5265,5506,2.9129000000000005
18.11.2018 17:00:00.000 GMT-0500,5605,5619,4111,4319,9.744199999999998
25.11.2018 17:00:00.000 GMT-0500,4108,4454,3581,3991,8.531
02.12.2018 17:00:00.000 GMT-0500,4206,4217,3271,3450,7.984699999999999
09.12.2018 17:00:00.000 GMT-0500,3584,3647,3195,3218,5.331900000000001
16.12.2018 17:00:00.000 GMT-0500,3263,4232,3243,3909,8.6837
23.12.2018 17:00:00.000 GMT-0500,4009,4296,3627,3953,7.1951
30.12.2018 17:00:00.000 GMT-0500,3881,3973,3695,3894,4.5351
06.01.2019 17:00:00.000 GMT-0500,4093,4162,3628,3709,5.6794
13.01.2019 17:00:00.000 GMT-0500,3576,3765,3554,3672,4.6259999999999994
20.01.2019 17:00:00.000 GMT-0500,3600,3675,3487,3618,4.3626000000000005
27.01.2019 17:00:00.000 GMT-0500,3602,3602,3401,3510,4.3517
03.02.2019 17:00:00.000 GMT-0500,3455,3769,3395,3654,4.628000000000001
10.02.2019 17:00:00.000 GMT-0500,3666,3712,3596,3624,339.59309999999994
17.02.2019 17:00:00.000 GMT-0500,3646,4046,3646,4001,1741.9863999999993
24.02.2019 17:00:00.000 GMT-0500,3845,3944,3719,3889,1522.3256999999996
03.03.2019 17:00:00.000 GMT-0500,3850,3970,3731,3927,1251.0979999999997
10.03.2019 16:00:00.000 GMT-0500,3957,3971,3845,3958,1086.7499
17.03.2019 16:00:00.000 GMT-0500,4036,4115,3980,4038,771.3124999999997
24.03.2019 16:00:00.000 GMT-0500,4013,4156,3915,4134,5.630299999999998
31.03.2019 16:00:00.000 GMT-0500,4148,5399,4110,5060,185.54859999999996
07.04.2019 16:00:00.000 GMT-0500,5199,5518,4973,5104,229.68690000000004
14.04.2019 16:00:00.000 GMT-0500,5144,5411,5007,5330,119.39309999999993
21.04.2019 16:00:00.000 GMT-0500,5296,5679,5047,5157,186.05509999999998
28.04.2019 16:00:00.000 GMT-0500,5185,5853,5136,5749,225.19240000000002
05.05.2019 16:00:00.000 GMT-0500,5808,6485,5623,6351,530.2963000000002
12.05.2019 16:00:00.000 GMT-0500,7209,8443,6564,7164,1606.9861999999994
19.05.2019 16:00:00.000 GMT-0500,8139,8354,7532,8177,994.4964000000006
26.05.2019 16:00:00.000 GMT-0500,8702,9138,8061,8562,1015.7312000000001
02.06.2019 16:00:00.000 GMT-0500,8742,8819,7505,7962,934.2442999999998
09.06.2019 16:00:00.000 GMT-0500,7771,8525,7571,8514,316.43670000000003
16.06.2019 16:00:00.000 GMT-0500,8989,10005,8978,9996,683.4412999999998
23.06.2019 16:00:00.000 GMT-0500,11084,13910,10361,12275,6791.392700000002
30.06.2019 16:00:00.000 GMT-0500,11447,12111,9710,11092,5940.0051
07.07.2019 16:00:00.000 GMT-0500,11567,13246,11036,11968,4883.6315
14.07.2019 16:00:00.000 GMT-0500,10700,11133,9139,10587,5667.3861
21.07.2019 16:00:00.000 GMT-0500,10566,10739,9574,9890,3905.3588999999997
28.07.2019 16:00:00.000 GMT-0500,9565,10721,9173,10463,3117.9751
04.08.2019 16:00:00.000 GMT-0500,11013,12374,10863,11921,3672.5138999999995
11.08.2019 16:00:00.000 GMT-0500,11470,11630,9539,10453,3787.7555000000007
18.08.2019 16:00:00.000 GMT-0500,10410,11008,9818,10419,3611.2931999999996
25.08.2019 16:00:00.000 GMT-0500,10050,10712,9381,9660,2358.8345
01.09.2019 16:00:00.000 GMT-0500,9699,10998,9694,10416,2584.3194999999996
08.09.2019 16:00:00.000 GMT-0500,10421,10588,9923,10328,2505.3614000000007
15.09.2019 16:00:00.000 GMT-0500,10333,10433,9677,10194,2294.6132999999995
22.09.2019 16:00:00.000 GMT-0500,10067,10132,7792,8118,4334.976699999999
29.09.2019 16:00:00.000 GMT-0500,8068,8585,7768,8224,2949.8347
06.10.2019 16:00:00.000 GMT-0500,7965,8867,7826,8398,3376.1669
13.10.2019 16:00:00.000 GMT-0500,8307,8467,7880,8004,2766.3901
20.10.2019 16:00:00.000 GMT-0500,8282,8820,7361,8626,2931.0327999999995
27.10.2019 16:00:00.000 GMT-0500,9680,9984,9015,9214,3811.216499999998
03.11.2019 17:00:00.000 GMT-0500,9212,9606,8731,9098,2566.4687999999983
10.11.2019 17:00:00.000 GMT-0500,9098,9154,8434,8612,2587.8331000000007
17.11.2019 17:00:00.000 GMT-0500,8610,8610,6852,7105,2557.3046000000004
24.11.2019 17:00:00.000 GMT-0500,7103,7919,6585,7438,3652.854799999999
01.12.2019 17:00:00.000 GMT-0500,7435,7814,7150,7603,2970.7412999999997
08.12.2019 17:00:00.000 GMT-0500,7601,7709,7140,7178,2270.685699999999
15.12.2019 17:00:00.000 GMT-0500,7177,7480,6492,7464,2958.831400000001
22.12.2019 17:00:00.000 GMT-0500,7465,7745,7121,7447,1750.4370000000001
29.12.2019 17:00:00.000 GMT-0500,7447,7487,6915,7420,2191.6403
05.01.2020 17:00:00.000 GMT-0500,7418,8520,7372,8159,3108.0982999999997
12.01.2020 17:00:00.000 GMT-0500,8156,9064,8100,8777,4108.484399999999
19.01.2020 17:00:00.000 GMT-0500,8776,8847,8278,8642,3335.9511
26.01.2020 17:00:00.000 GMT-0500,8641,9622,8594,9499,2777.2135
02.02.2020 17:00:00.000 GMT-0500,9499,10147,9135,10135,2512.914699999999
09.02.2020 17:00:00.000 GMT-0500,10133,10564,9770,9829,2832.4138
16.02.2020 17:00:00.000 GMT-0500,9826,10359,9374,9943,3417.4864000000002
23.02.2020 17:00:00.000 GMT-0500,9943,10081,8491,8570,4685.807800000001
01.03.2020 17:00:00.000 GMT-0500,8572,9236,8548,9176,2758.846899999999
08.03.2020 16:00:00.000 GMT-0500,8330,8350,3965,5504,5813.476499999999
15.03.2020 16:00:00.000 GMT-0500,5233,6989,4493,6031,3719.243500000002
22.03.2020 16:00:00.000 GMT-0500,5996,7034,5749,6742,2602.7325999999994
29.03.2020 16:00:00.000 GMT-0500,6006,7299,5913,6762,2001.6260000000004
05.04.2020 16:00:00.000 GMT-0500,6816,7518,6787,6981,2179.4729
12.04.2020 16:00:00.000 GMT-0500,7188,7266,6535,7119,2282.1204000000007
19.04.2020 16:00:00.000 GMT-0500,7207,7818,6817,7592,1398.41
26.04.2020 16:00:00.000 GMT-0500,7715,9525,7649,8791,2323.9212999999986
03.05.2020 16:00:00.000 GMT-0500,8893,10129,8594,10059,3027.1250999999997
10.05.2020 16:00:00.000 GMT-0500,8790,9997,8254,9301,2700.1888
17.05.2020 16:00:00.000 GMT-0500,9791,10005,8861,9243,2143.9370999999996
24.05.2020 16:00:00.000 GMT-0500,9059,9681,8696,9477,2694.9750999999997
31.05.2020 16:00:00.000 GMT-0500,9565,10440,9333,9775,2174.0148
07.06.2020 16:00:00.000 GMT-0500,9786,10059,9123,9523,815.5505000000002
14.06.2020 16:00:00.000 GMT-0500,9440,9646,8958,9374,1307.3962
21.06.2020 16:00:00.000 GMT-0500,9368,9840,9045,9247,1380.0478999999996
28.06.2020 16:00:00.000 GMT-0500,9168,9356,8997,9095,815.3432999999998
05.07.2020 16:00:00.000 GMT-0500,9067,9530,8985,9307,708.2153999999999
12.07.2020 16:00:00.000 GMT-0500,9291,9399,9091,9190,2.2625
19.07.2020 16:00:00.000 GMT-0500,9232,10074,9194,10036,2.0681999999999996
26.07.2020 16:00:00.000 GMT-0500,9941,11912,9934,11165,10.815799999999994
02.08.2020 16:00:00.000 GMT-0500,11149,11969,11012,11563,12.5531
09.08.2020 16:00:00.000 GMT-0500,11733,12135,11187,11873,11.983099999999993
16.08.2020 16:00:00.000 GMT-0500,11908,12528,11584,11591,7.318100000000002
23.08.2020 16:00:00.000 GMT-0500,11727,11881,11177,11664,4.960300000000001
30.08.2020 16:00:00.000 GMT-0500,11694,12117,9883,10263,17.07830000000001
06.09.2020 16:00:00.000 GMT-0500,10349,10604,9877,10340,10.425100000000002
13.09.2020 16:00:00.000 GMT-0500,10341,11202,10276,10881,6.211599999999999
20.09.2020 16:00:00.000 GMT-0500,10882,11017,10161,10751,6.733699999999999
27.09.2020 16:00:00.000 GMT-0500,10752,10972,10405,10676,5.325900000000001
04.10.2020 16:00:00.000 GMT-0500,10676,11521,10551,11355,4.562100000000001
11.10.2020 16:00:00.000 GMT-0500,11358,11749,11209,11469,4.771100000000001
18.10.2020 16:00:00.000 GMT-0500,11472,13379,11439,13062,7.029800000000001
25.10.2020 16:00:00.000 GMT-0500,13060,14095,12807,13846,10.592700000000008
01.11.2020 17:00:00.000 GMT-0500,13846,15986,13240,15365,13.035799999999997
08.11.2020 17:00:00.000 GMT-0500,15365,16511,14843,15880,12.742499999999998
15.11.2020 17:00:00.000 GMT-0500,15880,19003,15819,18614,16.266700000000004
22.11.2020 17:00:00.000 GMT-0500,18619,19519,16242,18294,15.932099999999991
29.11.2020 17:00:00.000 GMT-0500,18294,19938,18108,19271,16.809200000000008
06.12.2020 17:00:00.000 GMT-0500,19292,19452,17613,19203,13.28830000000001
13.12.2020 17:00:00.000 GMT-0500,19209,24321,19005,23444,21.6647
20.12.2020 17:00:00.000 GMT-0500,23445,28394,21967,26403,31.6504
27.12.2020 17:00:00.000 GMT-0500,26404,34797,25873,33622,26.123599999999985
03.01.2021 17:00:00.000 GMT-0500,33622,42019,27952,38101,41.29890000000002
10.01.2021 17:00:00.000 GMT-0500,38065,40135,30340,36570,227714.13919999998
17.01.2021 17:00:00.000 GMT-0500,36598,37882,28830,31974,710223.3319000007
24.01.2021 17:00:00.000 GMT-0500,31975,38655,29257,32635,15.871500000000003
31.01.2021 17:00:00.000 GMT-0500,32687,41021,32363,38624,15.262700000000002
07.02.2021 17:00:00.000 GMT-0500,38624,49740,38092,48919,11.571000000000002
14.02.2021 17:00:00.000 GMT-0500,48919,58401,45941,57410,10.7705
21.02.2021 17:00:00.000 GMT-0500,57420,57705,43084,45289,16.41030000000001
28.02.2021 17:00:00.000 GMT-0500,45304,52676,44921,50158,11.548399999999997
07.03.2021 17:00:00.000 GMT-0500,50138,61819,49374,60332,10.2815
14.03.2021 16:00:00.000 GMT-0500,60308,60777,53300,57865,10.340699999999998
21.03.2021 16:00:00.000 GMT-0500,57865,58462,50485,54888,10.369499999999999
28.03.2021 16:00:00.000 GMT-0500,54900,60117,54859,58095,8.0788
04.04.2021 16:00:00.000 GMT-0500,58093,61223,55502,59710,7.560799999999998
11.04.2021 16:00:00.000 GMT-0500,59707,64899,52354,56265,10.079599999999996
18.04.2021 16:00:00.000 GMT-0500,56338,57611,47573,48167,12.469000000000001
25.04.2021 16:00:00.000 GMT-0500,48167,58583,47109,57083,9.815799999999998
02.05.2021 16:00:00.000 GMT-0500,57083,59560,53008,57965,10.511
09.05.2021 16:00:00.000 GMT-0500,57965,59610,43898,44118,13.543599999999994
16.05.2021 16:00:00.000 GMT-0500,44117,46679,30015,33741,18.6497
23.05.2021 16:00:00.000 GMT-0500,33725,40896,33483,36115,16.601899999999993
30.05.2021 16:00:00.000 GMT-0500,36115,39523,34245,36019,14.583099999999998
06.06.2021 16:00:00.000 GMT-0500,36019,39399,31066,39325,14.641199999999996
13.06.2021 16:00:00.000 GMT-0500,39319,41343,33409,35868,11.317099999999996
20.06.2021 16:00:00.000 GMT-0500,35868,35933,28874,32679,18.776600000000006
27.06.2021 16:00:00.000 GMT-0500,32679,36643,32506,35597,7.4493
04.07.2021 16:00:00.000 GMT-0500,35610,35999,32147,33904,6.432799999999996
11.07.2021 16:00:00.000 GMT-0500,33917,34689,31073,31694,5.2397
18.07.2021 16:00:00.000 GMT-0500,31693,34875,29347,34532,5.662600000000003
25.07.2021 16:00:00.000 GMT-0500,34537,42641,34502,41315,9.885599999999997
01.08.2021 16:00:00.000 GMT-0500,41290,45379,37378,43901,9.699699999999996
08.08.2021 16:00:00.000 GMT-0500,43905,48182,42860,46767,8.918999999999997
15.08.2021 16:00:00.000 GMT-0500,46767,49847,43999,48469,7.951299999999998
22.08.2021 16:00:00.000 GMT-0500,48467,50553,46366,48973,8.601800000000008
29.08.2021 16:00:00.000 GMT-0500,48973,51754,46581,51710,8.4972
05.09.2021 16:00:00.000 GMT-0500,51713,52965,43054,45151,9.7043
12.09.2021 16:00:00.000 GMT-0500,45142,48848,43509,47642,11.5678
19.09.2021 16:00:00.000 GMT-0500,47641,47711,39676,43686,12.976699999999996
26.09.2021 16:00:00.000 GMT-0500,43696,49263,40826,48516,12.491899999999994
03.10.2021 16:00:00.000 GMT-0500,48514,56550,46989,55493,16.00249999999999
10.10.2021 16:00:00.000 GMT-0500,55460,62922,53980,59467,14.523900000000003
17.10.2021 16:00:00.000 GMT-0500,59467,67008,59376,61217,15.747100000000005
24.10.2021 16:00:00.000 GMT-0500,61217,63761,57941,61014,14.831299999999995
31.10.2021 16:00:00.000 GMT-0500,61024,64341,59575,62927,15.367200000000008
07.11.2021 17:00:00.000 GMT-0500,63027,69035,62366,64383,14.085699999999997
14.11.2021 17:00:00.000 GMT-0500,64385,66390,55702,59581,14.850999999999992
21.11.2021 17:00:00.000 GMT-0500,59599,59603,53418,56378,14.92079999999999
28.11.2021 17:00:00.000 GMT-0500,56528,59236,42518,49285,17.3023
05.12.2021 17:00:00.000 GMT-0500,49307,52034,46865,50028,15.772600000000008
12.12.2021 17:00:00.000 GMT-0500,50069,50451,45542,46792,12.609900000000003
19.12.2021 17:00:00.000 GMT-0500,46765,51875,45629,50873,10.595900000000002
26.12.2021 17:00:00.000 GMT-0500,50933,52090,46011,47078,8.275100000000005
02.01.2022 17:00:00.000 GMT-0500,47119,47626,40601,42370,10.210799999999997
09.01.2022 17:00:00.000 GMT-0500,42375,44477,39715,43027,10.477099999999997
16.01.2022 17:00:00.000 GMT-0500,43056,43560,34087,35417,11.782900000000003
23.01.2022 17:00:00.000 GMT-0500,35417,38969,33036,37803,13.3113
30.01.2022 17:00:00.000 GMT-0500,37829,42193,36321,41659,9.655300000000004
06.02.2022 17:00:00.000 GMT-0500,41659,45874,41573,42331,11.476899999999993
13.02.2022 17:00:00.000 GMT-0500,42326,44748,38067,38303,10.367499999999996
20.02.2022 17:00:00.000 GMT-0500,38356,40348,34394,37482,12.520100000000003
27.02.2022 17:00:00.000 GMT-0500,37533,45349,37434,39079,12.035900000000003
06.03.2022 17:00:00.000 GMT-0500,39109,42637,37220,38738,10.7336
13.03.2022 16:00:00.000 GMT-0500,38739,42416,37605,41347,10.562300000000002
20.03.2022 16:00:00.000 GMT-0500,41346,46639,40569,46142,13.540600000000001
27.03.2022 16:00:00.000 GMT-0500,46142,48254,44293,46428,10.049199999999995
03.04.2022 16:00:00.000 GMT-0500,46448,47500,42177,43171,7.646799999999997
10.04.2022 16:00:00.000 GMT-0500,43180,43281,39267,40318,5.8447
17.04.2022 16:00:00.000 GMT-0500,40336,43021,38606,39554,6.286500000000003
24.04.2022 16:00:00.000 GMT-0500,39585,40833,37466,38367,6.922499999999996
01.05.2022 16:00:00.000 GMT-0500,38375,40060,33766,34279,7.979500000000003
08.05.2022 16:00:00.000 GMT-0500,34283,34529,25431,31068,13.461099999999995
15.05.2022 16:00:00.000 GMT-0500,31091,31470,28652,29953,11.890100000000007
22.05.2022 16:00:00.000 GMT-0500,29971,30676,28068,29220,9.028999999999998
29.05.2022 16:00:00.000 GMT-0500,29230,32433,29205,29991,7.999500000000003
05.06.2022 16:00:00.000 GMT-0500,29991,31797,26914,27384,13.211900000000002
12.06.2022 16:00:00.000 GMT-0500,27405,27562,17643,20655,19.168899999999997
19.06.2022 16:00:00.000 GMT-0500,20680,21905,19664,21450,16.270999999999994
26.06.2022 16:00:00.000 GMT-0500,21456,21551,18672,19469,14.332100000000004
03.07.2022 16:00:00.000 GMT-0500,19480,22505,19082,21017,15.281500000000003
10.07.2022 16:00:00.000 GMT-0500,21039,21694,18943,20973,12.046199999999997
17.07.2022 16:00:00.000 GMT-0500,20996,24312,20789,22765,14.341400000000004
24.07.2022 16:00:00.000 GMT-0500,22789,24715,20767,23844,12.668600000000003
31.07.2022 16:00:00.000 GMT-0500,23871,23898,22447,23305,13.832300000000004
07.08.2022 16:00:00.000 GMT-0500,23332,25073,22717,24360,13.288899999999996
14.08.2022 16:00:00.000 GMT-0500,24385,25240,20811,21515,11.3508
21.08.2022 16:00:00.000 GMT-0500,21534,21927,19857,20031,5.948600000000002
28.08.2022 16:00:00.000 GMT-0500,20031,20606,19562,19941,4.111899999999999
04.09.2022 16:00:00.000 GMT-0500,19941,21925,18588,21678,2.350599999999999
11.09.2022 16:00:00.000 GMT-0500,21678,22814,19377,19755,6.0051
18.09.2022 16:00:00.000 GMT-0500,19755,19916,18209,18959,4.022700000000002
25.09.2022 16:00:00.000 GMT-0500,18959,20410,18525,19272,5.6850000000000005
02.10.2022 16:00:00.000 GMT-0500,19272,20500,18967,19524,1.4292999999999978
09.10.2022 16:00:00.000 GMT-0500,19523,19980,18222,19372,0.9992
16.10.2022 16:00:00.000 GMT-0500,19372,19735,18706,19539,0.8981999999999991
23.10.2022 16:00:00.000 GMT-0500,19539,21108,19206,20730,1.5784000000000007
30.10.2022 16:00:00.000 GMT-0500,20730,21541,20083,21172,3.217399999999999
06.11.2022 17:00:00.000 GMT-0500,21194,21240,15608,16414,7.775699999999999
13.11.2022 17:00:00.000 GMT-0500,16414,17206,15831,16303,2.6098999999999983
20.11.2022 17:00:00.000 GMT-0500,16321,16822,15511,16617,3.6105000000000014
27.11.2022 17:00:00.000 GMT-0500,16617,17321,16039,17155,0.43290000000000034
04.12.2022 17:00:00.000 GMT-0500,17155,17453,16724,17157,0.5657999999999989
11.12.2022 17:00:00.000 GMT-0500,17157,18403,16595,16794,4.124599999999999
18.12.2022 17:00:00.000 GMT-0500,16814,17088,16316,16894,3.4632999999999963
25.12.2022 17:00:00.000 GMT-0500,16895,16998,16373,16645,0.9637999999999992
01.01.2023 17:00:00.000 GMT-0500,16645,17063,16585,16999,1.785399999999999
08.01.2023 17:00:00.000 GMT-0500,17020,21347,17004,20943,5.1628
15.01.2023 17:00:00.000 GMT-0500,20875,23385,20444,22630,6.220999999999999
22.01.2023 17:00:00.000 GMT-0500,22654,23993,22371,23834,2.9441999999999986
29.01.2023 17:00:00.000 GMT-0500,23834,24286,22550,22936,4.017700000000001
05.02.2023 17:00:00.000 GMT-0500,22936,23476,21514,21777,1.5999000000000008
12.02.2023 17:00:00.000 GMT-0500,21777,25283,21415,24581,3.6022000000000003
19.02.2023 17:00:00.000 GMT-0500,24581,25285,22810,23596,3.4074999999999998
26.02.2023 17:00:00.000 GMT-0500,23596,24017,22035,22523,3.2217000000000002
05.03.2023 17:00:00.000 GMT-0500,22523,22600,19613,21525,4.2265999999999995
12.03.2023 16:00:00.000 GMT-0500,21524,28437,21310,28001,16.923799999999993
19.03.2023 16:00:00.000 GMT-0500,28001,28935,26718,27841,13.828999999999999
26.03.2023 16:00:00.000 GMT-0500,27841,29209,26563,28111,2.3594000000000004
02.04.2023 16:00:00.000 GMT-0500,28111,28816,27264,28168,1.2578999999999991
09.04.2023 16:00:00.000 GMT-0500,28168,31069,28168,30396,4.3447000000000005
16.04.2023 16:00:00.000 GMT-0500,30396,30521,27196,27537,2.5447999999999986
23.04.2023 16:00:00.000 GMT-0500,27537,30055,27020,29386,5.401199999999999
30.04.2023 16:00:00.000 GMT-0500,29386,29910,27705,28987,1.9241
07.05.2023 16:00:00.000 GMT-0500,28987,29022,25867,26987,1.7270999999999987
14.05.2023 16:00:00.000 GMT-0500,27015,27706,26401,26883,1.0159999999999991
21.05.2023 16:00:00.000 GMT-0500,26883,27782,25907,27601,0.6562000000000002
28.05.2023 16:00:00.000 GMT-0500,27601,28487,26549,27277,0.9144999999999993
04.06.2023 16:00:00.000 GMT-0500,27277,27495,25390,26159,2.8985999999999996
11.06.2023 16:00:00.000 GMT-0500,26159,26836,24795,26506,3.5573
18.06.2023 16:00:00.000 GMT-0500,26506,31449,26293,30410,1.8604
25.06.2023 16:00:00.000 GMT-0500,30410,31303,29484,30625,0.48390000000000016
02.07.2023 16:00:00.000 GMT-0500,30654,31539,29765,30233,0.856
09.07.2023 16:00:00.000 GMT-0500,30233,31861,29957,30310,0.8905999999999993
16.07.2023 16:00:00.000 GMT-0500,30310,30454,29570,30178,0.6781999999999987
23.07.2023 16:00:00.000 GMT-0500,30207,30209,28900,29310,0.918399999999997
30.07.2023 16:00:00.000 GMT-0500,29310,30066,28620,29157,1.3018999999999974
06.08.2023 16:00:00.000 GMT-0500,29157,30228,28723,29460,0.7611999999999995
13.08.2023 16:00:00.000 GMT-0500,29460,29697,25430,26274,1.0637999999999985
20.08.2023 16:00:00.000 GMT-0500,26274,26831,25399,26130,0.32829999999999987
27.08.2023 16:00:00.000 GMT-0500,26130,28171,25375,26086,0.8836999999999998
03.09.2023 16:00:00.000 GMT-0500,26086,26473,25429,25860,1.4276999999999982
10.09.2023 16:00:00.000 GMT-0500,25860,26939,24960,26480,1.074400000000001
17.09.2023 16:00:00.000 GMT-0500,26480,27527,26395,26539,0.7664999999999996
24.09.2023 16:00:00.000 GMT-0500,26539,27344,26040,27149,0.8384
01.10.2023 16:00:00.000 GMT-0500,27149,28622,27133,27951,0.7171000000000005
08.10.2023 16:00:00.000 GMT-0500,27951,28040,26571,27240,0.47639999999999993
15.10.2023 16:00:00.000 GMT-0500,27240,30419,27077,29891,1.7596
22.10.2023 16:00:00.000 GMT-0500,29891,35231,29759,34619,1.9928999999999997
29.10.2023 16:00:00.000 GMT-0500,34619,35987,34080,34703,1.1021
05.11.2023 17:00:00.000 GMT-0500,34745,38007,34574,37210,1.6241999999999992
12.11.2023 17:00:00.000 GMT-0500,37210,38000,34878,37034,1.5164
19.11.2023 17:00:00.000 GMT-0500,37036,38456,35688,37658,1.0372999999999992
26.11.2023 17:00:00.000 GMT-0500,37658,39881,36765,39761,1.1199
03.12.2023 17:00:00.000 GMT-0500,39761,44756,39761,43840,1.4138999999999995
10.12.2023 17:00:00.000 GMT-0500,43840,43957,40231,41941,1.2933999999999992
17.12.2023 17:00:00.000 GMT-0500,41937,44436,40555,43550,1.0381
24.12.2023 17:00:00.000 GMT-0500,43590,43834,41362,42520,1.0366000000000002
31.12.2023 17:00:00.000 GMT-0500,43713,45944,40914,44282,2.4299
07.01.2024 17:00:00.000 GMT-0500,44282,49022,41510,42572,23.562299999999997
14.01.2024 17:00:00.000 GMT-0500,42582,43597,40302,41802,20.351699999999994
21.01.2024 17:00:00.000 GMT-0500,41802,42865,38549,42014,19.443700000000003
28.01.2024 17:00:00.000 GMT-0500,42014,43891,41658,42811,15.564300000000005
04.02.2024 17:00:00.000 GMT-0500,42818,48629,42280,48165,5.414699999999997
11.02.2024 17:00:00.000 GMT-0500,48165,52883,47752,51902,18.405899999999985
18.02.2024 17:00:00.000 GMT-0500,51918,53017,50578,51804,24.962299999999992
25.02.2024 17:00:00.000 GMT-0500,51817,64069,50945,62873,24.04180000000001
03.03.2024 17:00:00.000 GMT-0500,62922,70184,59201,69416,36.36910000000003
10.03.2024 16:00:00.000 GMT-0500,69420,73834,64570,68313,42.6739
17.03.2024 16:00:00.000 GMT-0500,68313,68950,60818,66199,16.738300000000006
24.03.2024 16:00:00.000 GMT-0500,66199,71775,66198,70890,10.258499999999996
31.03.2024 16:00:00.000 GMT-0500,70890,71412,64555,69354,11.419900000000002
07.04.2024 16:00:00.000 GMT-0500,69387,72777,60936,63912,7.345199999999998
14.04.2024 16:00:00.000 GMT-0500,63912,66921,59639,64720,8.131799999999997
21.04.2024 16:00:00.000 GMT-0500,64721,67288,62453,63721,7.0775
28.04.2024 16:00:00.000 GMT-0500,63727,64757,56565,63805,11.645300000000004
05.05.2024 16:00:00.000 GMT-0500,63799,65534,60241,61333,5.128699999999999
12.05.2024 16:00:00.000 GMT-0500,61322,67743,60789,66203,4.942100000000001
19.05.2024 16:00:00.000 GMT-0500,66215,71994,66061,68751,7.196600000000003
26.05.2024 16:00:00.000 GMT-0500,68746,70675,66652,67874,7.148200000000002
02.06.2024 16:00:00.000 GMT-0500,67869,71995,67625,69727,7.342900000000004
09.06.2024 16:00:00.000 GMT-0500,69747,70208,65061,66528,7.4803999999999995
16.06.2024 16:00:00.000 GMT-0500,66528,67318,63389,63747,7.3652999999999995
23.06.2024 16:00:00.000 GMT-0500,63777,63884,58491,61952,6.0025
30.06.2024 16:00:00.000 GMT-0500,61950,63830,53563,57297,6.805999999999998
07.07.2024 16:00:00.000 GMT-0500,57325,60493,54335,60181,11.289699999999995
14.07.2024 16:00:00.000 GMT-0500,60174,68241,60111,67775,10.936299999999996
21.07.2024 16:00:00.000 GMT-0500,67807,69481,63462,68040,9.542899999999996
28.07.2024 16:00:00.000 GMT-0500,68067,70038,57193,59176,9.455599999999999
04.08.2024 16:00:00.000 GMT-0500,59188,62742,49309,58550,16.3093
11.08.2024 16:00:00.000 GMT-0500,58576,61734,56166,59853,13.324200000000003
18.08.2024 16:00:00.000 GMT-0500,59883,65050,57853,64308,9.580700000000002
25.08.2024 16:00:00.000 GMT-0500,64308,65061,57267,58459,7.385900000000002
01.09.2024 16:00:00.000 GMT-0500,58484,59835,52595,54411,7.229200000000001
08.09.2024 16:00:00.000 GMT-0500,54442,60735,54371,59832,5.500499999999999
15.09.2024 16:00:00.000 GMT-0500,59867,64147,57529,63246,6.540899999999999
22.09.2024 16:00:00.000 GMT-0500,63280,66484,62430,65849,5.839400000000004
29.09.2024 16:00:00.000 GMT-0500,65894,66049,59890,62655,5.001700000000003
06.10.2024 16:00:00.000 GMT-0500,62683,64485,58922,62792,3.6981999999999977
13.10.2024 16:00:00.000 GMT-0500,62810,69031,62473,68801,3.8998999999999975
20.10.2024 16:00:00.000 GMT-0500,68824,69526,65196,67768,3.8914999999999984
27.10.2024 16:00:00.000 GMT-0500,67746,73604,67502,69176,4.589199999999998
03.11.2024 17:00:00.000 GMT-0500,69176,81104,66832,79992,9.3057
10.11.2024 17:00:00.000 GMT-0500,79992,93505,79893,89204,10.947399999999993
17.11.2024 17:00:00.000 GMT-0500,89204,99800,88788,97114,11.613700000000001
24.11.2024 17:00:00.000 GMT-0500,97116,98988,90743,97895,12.554799999999977
01.12.2024 17:00:00.000 GMT-0500,97895,103673,92059,100148,9.378400000000218
08.12.2024 17:00:00.000 GMT-0500,100155,103504,94305,102907,3.2707000000003585